3.767171272212744526e+01,1.119815475418492579e+00
3.768936514861449893e+01,1.055495547444886828e+00
3.770268089110996357e+01,9.901391682627439517e-01
3.771173680062885580e+01,9.240570060481023695e-01
3.771662611706182133e+01,8.575359900997858720e-01
3.771745537553959338e+01,7.908400671550100958e-01
3.771434168895252981e+01,7.242111273608486943e-01
3.770741037535879059e+01,6.578700472492101659e-01
3.769679289890073193e+01,5.920178072967788863e-01
3.768262509363400170e+01,5.268366501896771803e-01
3.766504564104245389e+01,4.624912530062332272e-01
3.764419477374089951e+01,3.991298924026583927e-01
3.762021317979507273e+01,3.368855867273066740e-01
3.759324108410307730e+01,2.758772029643631329e-01
3.756341748530520164e+01,2.162105196568532284e-01
3.753087952866589916e+01,1.579792396010621380e-01
3.749576199726748627e+01,1.012659482383807819e-01
3.745819690564578508e+01,4.614301538191108859e-02
3.741831318168541287e+01,-7.326560972693506660e-03
3.737623642407763924e+01,-5.908836840032330451e-02
3.733208872411169921e+01,-1.090958497715473624e-01
3.728598854202604684e+01,-1.573096121401856007e-01
3.723805065425446514e+01,-2.036969344047611652e-01
3.718838603898294792e+01,-2.482309124134624567e-01
3.713710194054009861e+01,-2.908901842190626530e-01
3.708430186219920444e+01,-3.316583781735446546e-01
3.703008560316911257e+01,-3.705236792454151273e-01
3.697454931146820911e+01,-4.074784353894369548e-01
3.691778554886592190e+01,-4.425188011891701967e-01
3.685988336461176118e+01,-4.756444160463533799e-01
3.680092837516032489e+01,-5.068581142426313857e-01
3.674100284750697654e+01,-5.361656643199653738e-01
3.668018578412488040e+01,-5.635755353165828874e-01
3.661855300783947342e+01,-5.890986874811370289e-01
3.655617724525031775e+01,-6.127483852331366831e-01
3.649312820760327725e+01,-6.345400302072329302e-01
3.642947266819619045e+01,-6.544910124063679779e-01
3.636527453564536216e+01,-6.726205775477525073e-01
3.630059492251142217e+01,-6.889497088205520647e-01
3.623549220894463474e+01,-7.035010213918541089e-01
3.617002210115408900e+01,-7.162986681052612159e-01
3.610423768463699901e+01,-7.273682549388558183e-01
3.603818947221668623e+01,-7.367367648938679681e-01
3.597192544703872130e+01,-7.444324891000996258e-01
3.590549110076494088e+01,-7.504849640357239560e-01
3.583892946728028761e+01,-7.549249138704291484e-01
3.577228115229372918e+01,-7.577841970523738757e-01
3.570558435926800911e+01,-7.590957563706458577e-01
3.563887491215638192e+01,-7.588935718366387473e-01
3.557218628590977261e+01,-7.572125790292327796e-01
3.550554959225522822e+01,-7.540887470011496951e-01
3.543899362838457279e+01,-7.495589046659471011e-01
3.537254488148153087e+01,-7.436607486663511235e-01
3.530622754344597070e+01,-7.364328043754594377e-01
3.524006352555717569e+01,-7.279143880607860106e-01
3.517407247360028322e+01,-7.181455703185546380e-01
3.510827178395079784e+01,-7.071671409666047126e-01
3.504267662117804605e+01,-6.950205756592601203e-01
3.497729993650218461e+01,-6.817480046355610668e-01
3.491215248902346957e+01,-6.673921840229034563e-01
3.484724286888564393e+01,-6.519964702259640754e-01
3.478257752280592996e+01,-6.356047980101889872e-01
3.471816078208138379e+01,-6.182616629561107358e-01
3.465399489311863590e+01,-6.000121090300600812e-01
3.459008005047424916e+01,-5.809017220858441188e-01
3.452641443233612506e+01,-5.609766301821107470e-01
3.446299423832601860e+01,-5.402835116750094313e-01
3.439981372905877066e+01,-5.188696123014348016e-01
3.433686526792415350e+01,-4.967827721587858014e-01
3.427413936499075930e+01,-4.740714637080979399e-01
3.421162469599602929e+01,-4.507848571596108078e-01
3.414930822874691074e+01,-4.269728411954891723e-01
3.408717518845782735e+01,-4.026861476241461180e-01
3.402520913374426215e+01,-3.779764354131978088e-01
3.396339200537750003e+01,-3.528964093311473538e-01
3.390170417565298067e+01,-3.274999613112566932e-01
3.384012449844642134e+01,-3.018423376002458691e-01
3.377863035914369050e+01,-2.759803362770005264e-01
3.371719772838863349e+01,-2.499725363601673911e-01
3.365580121734043217e+01,-2.238795659546589378e-01
3.359441413601920345e+01,-1.977644147291242605e-01
3.353300856018623222e+01,-1.716927934264734501e-01
3.347155540218000169e+01,-1.457335590425554994e-01
3.341002449738171975e+01,-1.199592033400828650e-01
3.334838471163200779e+01,-9.444641464038583401e-02
3.328660408497373879e+01,-6.927670967817231573e-02
3.322464999571768374e+01,-4.453719140765973611e-02
3.316248946250308904e+01,-2.032125468423831224e-02
3.310008947496185527e+01,3.270541286710012142e-03
3.303741752438033785e+01,2.612973335432794419e-02
3.297444236218474600e+01,4.813942779055428028e-02
3.291113509024255279e+01,6.917427232868531006e-02
3.284747068243589041e+01,8.910144961466127944e-02
3.278342999757201426e+01,1.077832749243922833e-01
3.271900216595853550e+01,1.250819473110607316e-01
3.265418694946403377e+01,1.408663205807580698e-01
3.258899628072938270e+01,1.550192737993954240e-01
3.252345429824262624e+01,1.674431799583574465e-01
3.245759581232703539e+01,1.780613047122135140e-01
3.239146381944400588e+01,1.868151379457503869e-01
3.232510710540947940e+01,1.936595587999979107e-01
3.225857849271164213e+01,1.985579411038977116e-01
3.219193381959778577e+01,2.014784197414767053e-01
3.212523150379935544e+01,2.023915710342407137e-01
3.205853244893906862e+01,2.012692369707473061e-01
3.199190010735853917e+01,1.980841225363168812e-01
3.192540059315989964e+01,1.928098373326019577e-01
3.185910277792899592e+01,1.854211851860406157e-01
3.179307835400184601e+01,1.758945650857255127e-01
3.172740185247476319e+01,1.642083997956438057e-01
3.166215061917331752e+01,1.503435537939559474e-01
3.159740475441855168e+01,1.342837164781520154e-01
3.153324702893822007e+01,1.160157670845352318e-01
3.146976276764138447e+01,9.552995333133983136e-02
3.140703975362584544e+01,7.282022956590611384e-02
3.134516811841562145e+01,4.788438032264031446e-02
3.128424026167370897e+01,2.072412843711888067e-02
3.122435080523586493e+01,-8.654813529253761392e-03
3.116559659698896922e+01,-4.024275255458974881e-02
3.110807679735964726e+01,-7.402606729091046334e-02
3.105189304527131355e+01,-1.099873239508565997e-01
3.099714980955661758e+01,-1.481053746253330750e-01
3.094395478411319544e+01,-1.883555826436701386e-01
3.089241958574820046e+01,-2.307099599104533161e-01
3.084266062113967521e+01,-2.751373430260686259e-01
3.079480024999924836e+01,-3.216035056752684640e-01
3.074896826471472977e+01,-3.700711886468729395e-01
3.070530377486270979e+01,-4.204999622363541634e-01
3.066395753522894196e+01,-4.728458435904574486e-01
3.062509478167664412e+01,-5.270605395401904980e-01
3.058889861997124271e+01,-5.830901403879049649e-01
3.055557399039963329e+01,-6.408730194800634772e-01
3.052535208334407102e+01,-7.003366434342683799e-01
3.049849512700615861e+01,-7.613928375284063632e-01
3.047530104030570541e+01,-8.239310339414870343e-01
3.045610722967158068e+01,-8.878089353466012135e-01
3.044129226408006872e+01,-9.528401179717497227e-01
3.043127357054082083e+01,-1.018778407504184136e+00
3.042649869556728248e+01,-1.085299590225723421e+00
3.042742744796641574e+01,-1.151982282318177786e+00
3.043450289377411977e+01,-1.218291490041840675e+00
3.044811125077167446e+01,-1.283570017148101261e+00
3.046853415878772964e+01,-1.347043532388909171e+00
3.049590092818593590e+01,-1.407843144211389896e+00
3.053015029465248631e+01,-1.465045789135023702e+00
3.057101065361689152e+01,-1.517727130482095177e+00
3.061800326833276031e+01,-1.565018111116103450e+00
3.067046662829267945e+01,-1.606155680991428358e+00
3.072759656910440640e+01,-1.640520405702266649e+00
3.078849371490811748e+01,-1.667657898337392419e+00
3.085221105890462567e+01,-1.687284570075766599e+00
3.091779642489485980e+01,-1.699280674753818721e+00
3.098432690203033246e+01,-1.703674537043313064e+00
3.105093444629373067e+01,-1.700621754994853241e+00
3.111682309937837587e+01,-1.690382453154125608e+00
3.118127908413234906e+01,-1.673298765580606418e+00
3.124367516578003290e+01,-1.649773988136407521e+00
3.130347076355208102e+01,-1.620254124063712498e+00
3.136020903130438597e+01,-1.585212174332663260e+00
3.141351200977750224e+01,-1.545135036589567523e+00
3.146307458486525377e+01,-1.500512876038364807e+00
3.150865780833025198e+01,-1.451830819505833814e+00
3.155008206896923895e+01,-1.399562507633891784e+00
3.158722036633055197e+01,-1.344165283250597920e+00
3.161999188057911070e+01,-1.286076721262614964e+00
3.164835595181247285e+01,-1.225712254221893227e+00
3.167230653060804002e+01,-1.163463680548788570e+00
3.169186712374871817e+01,-1.099698373039830868e+00
3.170708623655331948e+01,-1.034759038984185642e+00
3.171803329722541065e+01,-9.689639061736328163e-01
3.172479503670468404e+01,-9.026072320048557085e-01
3.172747229740260622e+01,-8.359600492543379779e-01
3.172617722167402121e+01,-7.692710951467209846e-01
3.172103080880516757e+01,-7.027678498848610733e-01
3.171216079160327794e+01,-6.366576533729468856e-01
3.169969980324718506e+01,-5.711288635448635853e-01
3.168378380391669680e+01,-5.063520291811407503e-01
3.166455073857418867e+01,-4.424810563047820167e-01
3.164213939949515719e+01,-3.796543521453948911e-01
3.161668846958304613e+01,-3.179959335478959592e-01
3.158833572354441444e+01,-2.576164958106385572e-01
3.155721736870399141e+01,-1.986144284948190009e-01
3.152346750650196938e+01,-1.410767775003181068e-01
3.148721769842970986e+01,-8.508015341328951930e-02
3.144859662263306177e+01,-3.069158190110845424e-02
3.140772980824645089e+01,2.203070376131355257e-02
3.136473943502266692e+01,7.303651957986070919e-02
3.131974419137839405e+01,1.222830535676752844e-01
3.127285918017776112e+01,1.697342361451357751e-01
3.122419586195567121e+01,2.153601592160704070e-01
3.117386203265348144e+01,2.591365278352543156e-01
3.112196182735318217e+01,3.010442307721655775e-01
3.106859574579577554e+01,3.410688364029277886e-01
3.101386069642447296e+01,3.792002119721381015e-01
3.095785005308463766e+01,4.154321582931611578e-01
3.090065372171219238e+01,4.497620792204371498e-01
3.084235821411830969e+01,4.821906832944155008e-01
3.078304672640241080e+01,5.127217150412739510e-01
3.072279922866437119e+01,5.413617341762572144e-01
3.066169251976744192e+01,5.681198357001686627e-01
3.059980033492258400e+01,5.930075210900619398e-01
3.053719341595605385e+01,6.160385025713667195e-01
3.047393958744635967e+01,6.372285483752890833e-01
3.041010382920786626e+01,6.565953446869340349e-01
3.034574834454144110e+01,6.741583725074281608e-01
3.028093262383760731e+01,6.899387977630108137e-01
3.021571350326616212e+01,7.039593731025328704e-01
3.015014521841767348e+01,7.162443499327887375e-01
3.008427945285987803e+01,7.268193993699211264e-01
3.001816538172667137e+01,7.357115408378018806e-01
2.995184971061721768e+01,7.429490770876624461e-01
2.988537670981645533e+01,7.485615348749663500e-01
2.981878824437496434e+01,7.525796101607487021e-01
2.975212380038371052e+01,7.550351170865416961e-01
2.968542050788537523e+01,7.559609400200687501e-01
2.961871316090210371e+01,7.553909880757552209e-01
2.955203423508749694e+01,7.533601516212350413e-01
2.948541390352779246e+01,7.499042603878592894e-01
2.941888005122475391e+01,7.450600429089828669e-01
2.935245828878940344e+01,7.388650871142565801e-01
2.928617196586327509e+01,7.313578020104294364e-01
2.922004218476169157e+01,7.225773804789364929e-01
2.915408781480266853e+01,7.125637633168291352e-01
2.908832550774663517e+01,7.013576047404603830e-01
2.902276971472602440e+01,6.890002396596510703e-01
2.895743270499251665e+01,6.755336531143389944e-01
2.889232458675315129e+01,6.610004523451723513e-01
2.882745333030690560e+01,6.454438420451223957e-01
2.876282479363177913e+01,6.289076034106633184e-01
2.869844275051044136e+01,6.114360776801119890e-01
2.863430892122158156e+01,5.930741549138326407e-01
2.857042300576573624e+01,5.738672688382171483e-01
2.850678271954070908e+01,5.538613986450714455e-01
2.844338383133270298e+01,5.331030787120200065e-01
2.838022020344866547e+01,5.116394172922829053e-01
2.831728383378233360e+01,4.895181253164464508e-01
2.825456489958457595e+01,4.667875565601090071e-01
2.819205180269775113e+01,4.434967605643355681e-01
2.812973121601803683e+01,4.196955498581383392e-01
2.806758813097191307e+01,3.954345832262429195e-01
2.800560590588163379e+01,3.707654669427394301e-01
2.794376631498304420e+01,3.457408764257490219e-01
2.788204959815134742e+01,3.204147008697866283e-01
2.782043451147065838e+01,2.948422139289628707e-01
2.775889837893796042e+01,2.690802741055793867e-01
2.769741714587634718e+01,2.431875591077180543e-01
2.763596543500629110e+01,2.172248391725143390e-01
2.757451660665444493e+01,1.912552951689421021e-01
2.751304282535512868e+01,1.653448881205472343e-01
2.745151513624421824e+01,1.395627874990512385e-01
2.738990355605903559e+01,1.139818663455557657e-01
2.732817718635123327e+01,8.867927024737029540e-02
2.726630436004537827e+01,6.373706497431753937e-02
2.720425283810403982e+01,3.924296120251890424e-02
2.714199008159715376e+01,1.529110130196102875e-02
2.707948363425826699e+01,-8.017134542774076097e-03
2.701670167619950291e+01,-3.057240186373870114e-02
2.695361384299494034e+01,-5.225691243927852586e-02
2.689019228306582932e+01,-7.294453487638057065e-02
2.682641336291855794e+01,-9.250199293614938534e-02
2.676225964665158941e+01,-1.107917434146330204e-01
2.669772229583966094e+01,-1.276770749043510400e-01
2.663280335784567754e+01,-1.430291042717840577e-01
2.656751704506800849e+01,-1.567340422346139572e-01
2.650188960236878444e+01,-1.686982427051468003e-01
2.643595742784718539e+01,-1.788488093765942255e-01
2.636976464032814604e+01,-1.871305079972049312e-01
2.630336071440694568e+01,-1.935007446606379633e-01
2.623679885856634542e+01,-1.979247281114547841e-01
2.617013511463141029e+01,-2.003719518391207932e-01
2.610342799867932584e+01,-2.008140557947324101e-01
2.603673844504355017e+01,-1.992237880390353155e-01
2.597012988629047214e+01,-1.955746943288744488e-01
2.590366837181505844e+01,-1.898412119233622297e-01
2.583742266029949519e+01,-1.819989833264840928e-01
2.577146427574831833e+01,-1.720252669199133222e-01
2.570586751990229502e+01,-1.598993652232503504e-01
2.564070944287715648e+01,-1.456030355950270472e-01
2.557606978477095794e+01,-1.291208979148937841e-01
2.551203086856479629e+01,-1.104406444939029369e-01
2.544867751775310438e+01,-8.955342529035789645e-02
2.538609694224928859e+01,-6.645401502957232198e-02
2.532437864044261033e+01,-4.114096818028914471e-02
2.526361432778351102e+01,-1.361670911069478088e-02
2.520389790581205247e+01,1.611243079695636599e-02
2.514532548090864594e+01,4.803623905391220944e-02
2.508799547242781358e+01,8.214068757269285537e-02
2.503200881346014128e+01,1.184080544920497469e-01
2.497746929162297036e+01,1.568170677226077836e-01
2.492448404984527244e+01,1.973430854630381370e-01
2.487316427900758598e+01,2.399582805312993339e-01
2.482362615140581852e+01,2.846318089798627327e-01
2.477599204263767874e+01,3.313299237810669595e-01
2.473039208846667947e+01,3.800159954092338643e-01
2.468696615545420769e+01,4.306503569198933956e-01
2.464586627084170800e+01,4.831898892753199726e-01
2.460725957708130096e+01,5.375872110134368720e-01
2.457133185484411086e+01,5.937892881784228027e-01
2.453829163361594823e+01,6.517352052554409303e-01
2.450837474886881395e+01,7.113527867962347040e-01
2.448184925307926818e+01,7.725535871080939643e-01
2.445902011698059297e+01,8.352257576835366848e-01
2.444023293708938738e+01,8.992242060018414973e-01
2.442587527113705548e+01,9.643575811193314529e-01
2.441637361675092066e+01,1.030371978891844176e+00
2.441218345175673576e+01,1.096932081408777515e+00
2.441376961342348295e+01,1.163601815736947209e+00
2.442157516885894353e+01,1.229828395736285218e+00
2.443597917550184206e+01,1.294935292844459296e+00
2.445724781262712355e+01,1.358129736316377123e+00
2.448548677190632006e+01,1.418528511819565630e+00
2.452060507275661294e+01,1.475201248092983253e+00
2.456229873611546211e+01,1.527225112210679026e+00
2.461005789653319198e+01,1.573741528058041350e+00
2.466319460132196895e+01,1.614005481921063856e+00
2.472088512093475288e+01,1.647420716899069548e+00
2.478221821731813890e+01,1.673558430534902053e+00
2.484624242797487881e+01,1.692160577047185699e+00
2.491200743378318805e+01,1.703131034829312274e+00
2.497859706328476292e+01,1.706518646571512532e+00
2.504515341158588626e+01,1.702495840670601224e+00
2.511089271543891144e+01,1.691335780213102602e+00
2.517511436018252979e+01,1.673390047211884113e+00
2.523720442437668510e+01,1.649068151406047678e+00
2.529663511188547176e+01,1.618819665843733047e+00
2.535296151418703658e+01,1.583118931826108078e+00
2.540581653597642386e+01,1.542452397175853696e+00
2.545490470335630206e+01,1.497308499167737894e+00
2.549999549125743670e+01,1.448169670006119958e+00
2.554091653017709973e+01,1.395506186533326476e+00
2.557754695301525771e+01,1.339771610510879229e+00
2.560981106152778963e+01,1.281399498961852013e+00
2.563767240957751881e+01,1.220801184187379818e+00
2.566112836130570329e+01,1.158364395316901607e+00
2.568020513950919081e+01,1.094452540628993109e+00
2.569495336564329335e+01,1.029404526576215506e+00
2.570544407225504457e+01,9.635349807026371005e-01
2.571176516240342380e+01,8.971347834513119235e-01
2.571401828507349308e+01,8.304718290847592499e-01
2.571231609325900891e+01,7.637919512083803930e-01
2.570677985085716344e+01,6.973199610290954364e-01
2.569753735516693283e+01,6.312607569051572609e-01
2.568472114317435739e+01,5.658004723107411538e-01
2.566846695164382197e+01,5.011076363653740318e-01
2.564891240310936738e+01,4.373343268279287765e-01
2.562619589203489312e+01,3.746173001523512847e-01
2.560045564759466430e+01,3.130790870292545214e-01
2.557182895165500724e+01,2.528290449483415747e-01
2.554045149257567715e+01,1.939643618334475628e-01
2.550645683737204905e+01,1.365710068320915571e-01
2.546997600657407901e+01,8.072462596476347174e-02
2.543113713778790341e+01,2.649138147316889083e-02
2.539006522546123534e+01,-2.607126518204271395e-02
2.534688192572255971e+01,-7.691382469426684410e-02
2.530170541678183938e+01,-1.259940891916993821e-01
2.525465030645119668e+01,-1.732765630077881813e-01
2.520582760298089298e+01,-2.187319117760480325e-01
2.515534461536966759e+01,-2.623362255785577912e-01
2.510330503659222146e+01,-3.040707705040499587e-01
2.504980894382126522e+01,-3.439214744314531003e-01
2.499495284157864816e+01,-3.818785291024837103e-01
2.493882971799339998e+01,-4.179360291333716337e-01
2.488152911084792152e+01,-4.520916453429608128e-01
2.482313718056270702e+01,-4.843463298355754620e-01
2.476373678768393916e+01,-5.147040503585645910e-01
2.470340757281600830e+01,-5.431715515316072329e-01
2.464222603725533389e+01,-5.697581406658518421e-01
2.458026562287341577e+01,-5.944754959893333579e-01
2.451759679007690806e+01,-6.173374951730669080e-01
2.445428709288196956e+01,-6.383600621941266651e-01
2.439040125034430062e+01,-6.575610306779599012e-01
2.432600121378273883e+01,-6.749600219540767831e-01
2.426114622938995069e+01,-6.905783361790981401e-01
2.419589289597195503e+01,-7.044388549845922443e-01
2.413029521768880770e+01,-7.165659542140798699e-01
2.406440465178758004e+01,-7.269854254239869196e-01
2.399827015142011533e+01,-7.357244049226612237e-01
2.393193820373189595e+01,-7.428113092313021193e-01
2.386545286348813022e+01,-7.482757759556593058e-01
2.379885578257302470e+01,-7.521486091636933047e-01
2.373218623575640507e+01,-7.544617284709496108e-01
2.366548114317052764e+01,-7.552481211422685803e-01
2.359877508997691464e+01,-7.545417966256516840e-01
2.353210035488015350e+01,-7.523777086444691786e-01
2.346548689134725052e+01,-7.487918268701041491e-01
2.339896237671077728e+01,-7.438209715718500092e-01
2.333255221429286763e+01,-7.375028197766376747e-01
2.326627954679877774e+01,-7.298758669185912984e-01
2.320016526999035733e+01,-7.209793896294713900e-01
2.313422804709787783e+01,-7.108534098062039286e-01
2.306848432451344877e+01,-6.995386601807587201e-01
2.300294834893736251e+01,-6.870765516960060104e-01
2.293763218595747233e+01,-6.735091431397478567e-01
2.287254574131601359e+01,-6.588791134611511335e-01
2.280769678429108183e+01,-6.432297373442247279e-01
2.274309097353995668e+01,-6.266048646631033892e-01
2.267873188548522734e+01,-6.090489045135554225e-01
2.261462104526462014e+01,-5.906068145824526772e-01
2.255075796020727807e+01,-5.713240966840263946e-01
2.248714015574659797e+01,-5.512467993617657935e-01
2.242376321361858871e+01,-5.304215285350263320e-01
2.236062081168056892e+01,-5.088954674716067439e-01
2.229770476623832565e+01,-4.867164068089769313e-01
2.223500507612751065e+01,-4.639327860452074348e-01
2.217250994266365183e+01,-4.405937629101379649e-01
2.211020589404661862e+01,-4.167492376670185461e-01
2.204807775303763862e+01,-3.924499830859338179e-01
2.198610871238233955e+01,-3.677477333562569339e-01
2.192428038373950727e+01,-3.426953084350409240e-01
2.186257284728404926e+01,-3.173467617906510774e-01
2.180096470211012516e+01,-2.917575547244575240e-01
2.173943311597573924e+01,-2.659847627210364385e-01
2.167795388202216600e+01,-2.400873117267687817e-01
2.161650147297423530e+01,-2.141262589252317383e-01
2.155504910311471889e+01,-1.881651149487578722e-01
2.149356879626937911e+01,-1.622702193668335291e-01
2.143203146074856136e+01,-1.365111812688069581e-01
2.137040698153843366e+01,-1.109613851831545428e-01
2.130866434117966079e+01,-8.569856264690636771e-02
2.124677175474176849e+01,-6.080547958078557497e-02
2.118469688014396368e+01,-3.637066183527418173e-02
2.112240712920243269e+01,-1.248913891057146404e-02
2.105987003545483560e+01,1.073668890373637337e-02
2.099705383933155645e+01,3.319635882311670200e-02
2.093392832629313816e+01,5.477091271591161270e-02
2.087046601633745624e+01,7.533310343074667292e-02
2.080664381259758500e+01,9.474875956160211388e-02
2.074244512531663887e+01,1.128799532287022706e-01
2.067786229105367468e+01,1.295903991334714234e-01
2.061289878412776844e+01,1.447526308156196762e-01
2.054757035277954103e+01,1.582551797520006243e-01
2.048190458503900047e+01,1.700070672900088065e-01
2.041593899565695125e+01,1.799379374775569584e-01
2.034971845016472258e+01,1.879944784934281243e-01
2.028329293669331435e+01,1.941353199267618068e-01
2.021671602299833026e+01,1.983263359725419839e-01
2.015004404133143723e+01,2.005372981282783629e-01
2.008333578394428542e+01,2.007399116567011865e-01
2.001665247487524368e+01,1.989069018701651592e-01
1.995005786627524103e+01,1.950117726096606552e-01
1.988361835047574999e+01,1.890289419463525022e-01
1.981740305180364103e+01,1.809340799226724361e-01
1.975148387841126052e+01,1.707045250122050384e-01
1.968593552951461234e+01,1.583197134361539749e-01
1.962083546193715478e+01,1.437615872758475632e-01
1.955626382854017464e+01,1.270150011538381252e-01
1.949230336941383257e+01,1.080679098640444091e-01
1.942903932991543314e+01,8.691176931043943787e-02
1.936655934577120064e+01,6.354168835793497228e-02
1.930495334927122286e+01,3.795657254388291879e-02
1.924431350451866862e+01,1.015921210800838602e-02
1.918473417868247921e+01,-1.984369065444369085e-02
1.912631197542773975e+01,-5.204154766354626704e-02
1.906914585390953576e+01,-8.641995718604009169e-02
1.901333734557382726e+01,-1.229608288460681126e-01
1.895899091524171354e+01,-1.616425289972102664e-01
1.890621448516321479e+01,-2.024400614946256227e-01
1.885512015772386007e+01,-2.453252478652878654e-01
1.880582518482969334e+01,-2.902668872648214160e-01
1.875845322991927588e+01,-3.372308573499436246e-01
1.871313597647706928e+01,-3.861801104337415635e-01
1.867001515484432161e+01,-4.370744841058815666e-01
1.862924503619134242e+01,-4.898702347023978776e-01
1.859099545651059771e+01,-5.445191520252319339e-01
1.855545540883319333e+01,-6.009670660756538663e-01
1.852283721992153076e+01,-6.591514558137991919e-01
1.849338113318914267e+01,-7.189978879499228093e-01
1.846736021117268578e+01,-7.804147230146636360e-01
1.844508491658983118e+01,-8.432856426439301334e-01
1.842690654282665008e+01,-9.074593971735208653e-01
1.841321802616280223e+01,-9.727363525455566817e-01
1.840445007834566127e+01,-1.038851817177988357e+00
1.840106001387735901e+01,-1.105457026728808190e+00
1.840351061737510463e+01,-1.172100100966576797e+00
1.841223745658135158e+01,-1.238211073922649508e+00
1.842760550754970339e+01,-1.303096661447811000e+00
1.844986012412003973e+01,-1.365950169735765884e+00
1.847908061001376012e+01,-1.425879827658990795e+00
1.851514649991164063e+01,-1.481953970894573924e+00
1.855772452860146871e+01,-1.533256371109529059e+00
1.860627861976601594e+01,-1.578942376272721937e+00
1.866010017237485741e+01,-1.618286324163846768e+00
1.871835140251422303e+01,-1.650714546260372728e+00
1.878011371138953933e+01,-1.675821824693596973e+00
1.884443427360583101e+01,-1.693372874411605000e+00
1.891036628842932998e+01,-1.703292244400782085e+00
1.897700074013673799e+01,-1.705646630724502399e+00
1.904348934078385369e+01,-1.700623209776444433e+00
1.910905940329331187e+01,-1.688506811792296114e+00
1.917302206842409618e+01,-1.669657805758964608e+00
1.923477518822376098e+01,-1.644492013893374738e+00
1.929380243672426687e+01,-1.613463105827668276e+00
1.934966974149946495e+01,-1.577047729467929038e+00
1.940202005344357872e+01,-1.535733175780267912e+00
1.945056707017769071e+01,-1.490007566882930456e+00
1.949508853924593765e+01,-1.440352102434504511e+00
1.953541947063319029e+01,-1.387235147693170800e+00
1.957144552167823193e+01,-1.331107843377762112e+00
1.960309671374287888e+01,-1.272400974163518717e+00
1.963034157600785434e+01,-1.211522860750065433e+00
1.965318176588357701e+01,-1.148858074208230162e+00
1.967164718059660089e+01,-1.084766800297628730e+00
1.968579155869310071e+01,-1.019584716129748214e+00
1.969568855128352425e+01,-9.536232593781787115e-01
1.970142823731524118e+01,-8.871701944727748979e-01
1.970311405137779204e+01,-8.204903980751265813e-01
1.970086008277549183e+01,-7.538268087637189918e-01
1.969478872860285179e+01,-6.874014756319231090e-01
1.968502865491738874e+01,-6.214166761680783857e-01
1.967171303790134118e+01,-5.560560687677569280e-01
1.965497805526307573e+01,-4.914858548050979881e-01
1.963496160022058845e+01,-4.278559308022403251e-01
1.961180219258958957e+01,-3.653010158200505897e-01
1.958563806395935103e+01,-3.039417412459991530e-01
1.955660639428815628e+01,-2.438857031463102509e-01
1.952484268389106248e+01,-1.852284554401543715e-01
1.949048024039395699e+01,-1.280544553933794794e-01
1.945364976671554658e+01,-7.243795279161605039e-02
1.941447903610324488e+01,-1.844382193951178694e-02
1.937309264171855716e+01,3.387166141832204103e-02
1.932961180878264074e+01,8.446009452333932965e-02
1.928415426426624890e+01,1.332802870684085816e-01
1.923683414984704498e+01,1.802976438740351017e-01
1.918776197241450276e+01,2.254835982890222024e-01
1.913704458724177471e+01,2.688150773469683008e-01
1.908478520556894864e+01,3.102740811035694102e-01
1.903108342359020000e+01,3.498471921761088232e-01
1.897603526851761302e+01,3.875252039497545375e-01
1.891973325671106210e+01,4.233027643637139459e-01
1.886226646116053018e+01,4.571780536946059570e-01
1.880372058553294323e+01,4.891524937802172457e-01
1.874417805114773117e+01,5.192305080756425273e-01
1.868371805108543526e+01,5.474192192506082133e-01
1.862241665669419888e+01,5.737283074254185822e-01
1.856034688907315200e+01,5.981697974837584253e-01
1.849757879684781514e+01,6.207578902819630429e-01
1.843417953092344419e+01,6.415088119398932864e-01
1.837021341549305475e+01,6.604406793600672287e-01
1.830574201475618423e+01,6.775733802314898302e-01
1.824082419496665963e+01,6.929284658823451348e-01
1.817551618157111193e+01,7.065290554536820533e-01
1.810987161133017054e+01,7.183997499725497393e-01
1.804394157938592258e+01,7.285665550534751178e-01
1.797777468151858216e+01,7.370568108778692284e-01
1.791141705167656184e+01,7.438991284757029421e-01
1.784491239501750925e+01,7.491233313462333232e-01
1.777830201690454359e+01,7.527604014285285139e-01
1.771162484822487571e+01,7.548424286736906685e-01
1.764491746748011280e+01,7.554025635435683839e-01
1.757821412013352713e+01,7.544749718668450900e-01
1.751154673572531095e+01,7.520947915905615844e-01
1.744494494328131751e+01,7.482980910716509060e-01
1.737843608554596031e+01,7.431218286585723476e-01
1.731204523256441163e+01,7.366038134170118656e-01
1.724579519512459314e+01,7.287826669554280379e-01
1.717970653854484198e+01,7.196977864051059548e-01
1.711379759726045791e+01,7.093893087049290003e-01
1.704808449062239006e+01,6.978980764329210107e-01
1.698258114027304089e+01,6.852656055138411917e-01
1.691729928941257199e+01,6.715340552155409926e-01
1.685224852421057662e+01,6.567462009250620847e-01
1.678743629755884825e+01,6.409454102703708855e-01
1.672286795529837988e+01,6.241756232243992342e-01
1.665854676499237996e+01,6.064813368967976182e-01
1.659447394725640734e+01,5.879075957859527524e-01
1.653064870959983068e+01,5.684999883319766800e-01
1.646706828267940992e+01,5.483046506818561872e-01
1.640372795881971513e+01,5.273682786548437029e-01
1.634062113261533966e+01,5.057381489815705455e-01
1.627773934340000750e+01,4.834621509893969882e-01
1.621507231934799265e+01,4.605888300234877719e-01
1.615260802296628384e+01,4.371674440342267487e-01
1.609033269774281294e+01,4.132480349328733205e-01
1.602823091575314507e+01,3.888815165126929263e-01
1.596628562609471302e+01,3.641197809586439460e-01
1.590447820392133060e+01,3.390158265145286065e-01
1.584278850020971063e+01,3.136239089193988971e-01
1.578119489239428219e+01,2.879997198871123154e-01
1.571967433622971910e+01,2.622005964453885674e-01
1.565820241953795033e+01,2.362857656052818611e-01
1.559675341890670808e+01,2.103166295973036837e-01
1.553530036099007816e+01,1.843570977491687246e-01
1.547381509093624352e+01,1.584739718811667142e-01
1.541226835165618958e+01,1.327373928678847459e-01
1.535062987936346524e+01,1.072213563846704104e-01
1.528886852385170059e+01,8.200430452477852628e-02
1.522695240592669386e+01,5.716979698530235549e-02
1.516484913077105467e+01,3.280725754501725294e-02
1.510252608537505203e+01,9.012775444677448289e-03
1.503995085945497756e+01,-1.411009405952400736e-02
1.497709185799073772e+01,-3.644964458118834377e-02
1.491391918664469785e+01,-5.788566382325220638e-02
1.485040588966375452e+01,-7.828973829147163610e-02
1.478652970150585411e+01,-9.752691397707861920e-02
1.472227518529096990e+01,-1.154591061126316043e-01
1.465763620731889816e+01,-1.319508649359454888e-01
1.459261801278043791e+01,-1.468766799263790668e-01
1.452723818095386221e+01,-1.601279140359115616e-01
1.446152588759889923e+01,-1.716167304777391489e-01
1.439551991240557705e+01,-1.812755545200709639e-01
1.432926602319668419e+01,-1.890531512816141513e-01
1.426281482062497652e+01,-1.949094744752438990e-01
1.419622032358527264e+01,-1.988111323245302375e-01
1.412953924772186909e+01,-2.007282677761010325e-01
1.406283075389859860e+01,-2.006327703161074616e-01
1.399615644492002886e+01,-1.984974802369327829e-01
1.392958046635057912e+01,-1.942960237572149418e-01
1.386316962154454657e+01,-1.880029844070934819e-01
1.379699345599991744e+01,-1.795942572248256375e-01
1.373112430239532422e+01,-1.690474711011918652e-01
1.366563728144186030e+01,-1.563424161794924883e-01
1.360061026278183505e+01,-1.414614464131347948e-01
1.353612379854756753e+01,-1.243898739127555636e-01
1.347226101393548525e+01,-1.051161684871670110e-01
1.340910752097421010e+01,-8.363232461342029467e-02
1.334675130736436799e+01,-5.993401418114761153e-02
1.328528264352771515e+01,-3.402072708875429619e-02
1.322479402347300059e+01,-5.895846768357705311e-03
1.316538014358193642e+01,2.443333043661308907e-02
1.310713794611397098e+01,5.695562941757612713e-02
1.305016675065696141e+01,9.165607780266095406e-02
1.299456849059108521e+01,1.285160301198610133e-01
1.294044809747676794e+01,1.675133237052011392e-01
1.288791404889692060e+01,2.086224599382474065e-01
1.283707912558464770e+01,2.518147830431336498e-01
1.278806142118155798e+01,2.970586336109802827e-01
1.274098564958800317e+01,3.443194390442674280e-01
1.269598481211405527e+01,3.935596869946496046e-01
1.265320228856567653e+01,4.447387029309459172e-01
1.261279440545641961e+01,4.978121323323492775e-01
1.257493354175139899e+01,5.527309797340854702e-01
1.253981181746274132e+01,6.094399985656464569e-01
1.250764530080601133e+01,6.678751736116230742e-01
1.247867871822047903e+01,7.279599052351533039e-01
1.245319030935827698e+01,7.895994528196308426e-01
1.243149631707007607e+01,8.526730854133162119e-01
1.241395414428843758e+01,9.170233805076436484e-01
1.240096262674190264e+01,9.824422854544808681e-01
1.239295727146509485e+01,1.048654016711161097e+00
1.239039778351168231e+01,1.115295852289516221e+00
1.239374529627150601e+01,1.181899382679045374e+00
1.240342798501169952e+01,1.247876581213358316e+00
1.241979643829419722e+01,1.312516485385273102e+00
1.244307441261364922e+01,1.374997681427816421e+00
1.247331363437600160e+01,1.434419340729894632e+00
1.251036269549888758e+01,1.489848427156404975e+00
1.255385740492449642e+01,1.540375751228927781e+00
1.260323403875860926e+01,1.585171413237221882e+00
1.265776205687146216e+01,1.623530353313108687e+00
1.271658869346028631e+01,1.654902979462789858e+00
1.277878744838169922e+01,1.678909262951308268e+00
1.284340398042578357e+01,1.695338278807242638e+00
1.290949520493021652e+01,1.704136739374171983e+00
1.297615974909610159e+01,1.705390506957641161e+00
1.304255964606109508e+01,1.699302594563463886e+00
1.310793411956122689e+01,1.686170359108702499e+00
1.317160698939736818e+01,1.666363566346199310e+00
1.323298887442410887e+01,1.640304671492708088e+00
1.329157581080129091e+01,1.608451656131047569e+00
1.334694542829926789e+01,1.571283484725749302e+00
1.339875151254738661e+01,1.529288161837074167e+00
1.344671763101263551e+01,1.482953251474641743e+00
1.349063040102886646e+01,1.432758420216120987e+00
1.353033271576696706e+01,1.379169753750640659e+00
1.356571716713817111e+01,1.322635577904937243e+00
1.359671982050176453e+01,1.263583482481646758e+00
1.362331442417984206e+01,1.202418353884135094e+00
1.364550710301686642e+01,1.139521199626155612e+00
1.366333154191746679e+01,1.075248590653096636e+00
1.367684465803546878e+01,1.009932605064270517e+00
1.368612273895019982e+01,9.438811470725352315e-01
1.369125801982708523e+01,8.773785512895466709e-01
1.369235566773691914e+01,8.106863969821158644e-01
1.368953113952164813e+01,7.440444714551641692e-01
1.368290787942478914e+01,6.776718337163345485e-01
1.367261532358133458e+01,6.117679394691858397e-01
1.365878717999481040e+01,5.465137966053044138e-01
1.364155995454450121e+01,4.820731270274712932e-01
1.362107169567930143e+01,4.185935160832805479e-01
1.359746093264040923e+01,3.562075353379435816e-01
1.357086578423066214e+01,2.950338280355934151e-01
1.354142321725854181e+01,2.351781495391749577e-01
1.350926843579611791e+01,1.767343574162999476e-01
1.347453438428238393e+01,1.197853477494330715e-01
1.343735134926485664e+01,6.440393577656815249e-02
1.339784664621615207e+01,1.065367985726937104e-02
1.335614437927024944e+01,-4.141035040211578366e-02
1.331236526319834645e+01,-9.174086053953878217e-02
1.326662649841451191e+01,-1.402976557990937567e-01
1.321904171514166748e+01,-1.870471595651432284e-01
1.316972085532317749e+01,-2.319615740862077391e-01
1.311877023253785168e+01,-2.750186131406220369e-01
1.306629251991919816e+01,-3.162009597909348213e-01
1.301238678197634258e+01,-3.554958402565511211e-01
1.295714852219185254e+01,-3.928946366708379601e-01
1.290066974270515843e+01,-4.283925360630588264e-01
1.284303901290162209e+01,-4.619882129510573532e-01
1.278434154418098068e+01,-4.936835429992986746e-01
1.272465926857976548e+01,-5.234833452814314780e-01
1.266407091928947004e+01,-5.513951507656786877e-01
1.260265211140892561e+01,-5.774289947744719598e-01
1.254047542156160588e+01,-6.015972312533937050e-01
1.247761046528271933e+01,-6.239143667643015645e-01
1.241412397125540323e+01,-6.443969122943496997e-01
1.235007985171268530e+01,-6.630632510251042167e-01
1.228553926848438671e+01,-6.799335203377113723e-01
1.222056069432968251e+01,-6.950295064350953123e-01
1.215519996933642233e+01,-7.083745500663088945e-01
1.208951035229700999e+01,-7.199934619506518363e-01
1.202354256708346902e+01,-7.299124466017603563e-01
1.195734484414339960e+01,-7.381590333575898111e-01
1.189096295732849917e+01,-7.447620135294843458e-01
1.182444025634398344e+01,-7.497513826893453803e-01
1.175781769517373831e+01,-7.531582872204478640e-01
1.169113385689144735e+01,-7.550149743642389222e-01
1.162442497531317009e+01,-7.553547451024992254e-01
1.155772496532922133e+01,-7.542118676035459712e-01
1.149106540515337294e+01,-7.516216704571910823e-01
1.142447558608560065e+01,-7.476203530617897552e-01
1.135798251533294945e+01,-7.422449990391847274e-01
1.129161092954772272e+01,-7.355335371284006385e-01
1.122538330828016662e+01,-7.275247031737001047e-01
1.115931988784683249e+01,-7.182580032834172679e-01
1.109343867606266976e+01,-7.077736783232788653e-01
1.102775546848307187e+01,-6.961126699900728187e-01
1.096228386576382796e+01,-6.833165888142159750e-01
1.089703529314562580e+01,-6.694276845422657551e-01
1.083201902231163061e+01,-6.544888193583550118e-01
1.076724219549628714e+01,-6.385434445401337866e-01
1.070270985208600401e+01,-6.216355811937404052e-01
1.063842495777450914e+01,-6.038098057821212894e-01
1.057438843627677372e+01,-5.851112412282645225e-01
1.051059920354808952e+01,-5.655855544425436587e-01
1.044705420440402932e+01,-5.452789611944578452e-01
1.038374845130185875e+01,-5.242382393640500071e-01
1.032067506472097662e+01,-5.025107518504254855e-01
1.025782531625087479e+01,-4.801444797580958768e-01
1.019518867300309672e+01,-4.571880676057488158e-01
1.013275281844015474e+01,-4.336908969446325868e-01
1.007050377565212074e+01,-4.097031148020043312e-01
1.000842587673809803e+01,-3.852757693747375090e-01
9.946501837982482996e+00,-3.604609045838232939e-01
9.884712808997532463e+00,-3.353116910199390177e-01
9.823038422562220262e+00,-3.098825811684213782e-01
9.761456844937315580e+00,-2.842294926131552768e-01
9.699944827109273859e+00,-2.584100232341549619e-01
9.638477761451927250e+00,-2.324836992479377418e-01
9.577029737036959034e+00,-2.065122687752570241e-01
9.515573604541568642e+00,-1.805600369414923634e-01
9.454081044787143284e+00,-1.546942613053735316e-01
9.392522648491565818e+00,-1.289856103552365074e-01
9.330868014413868039e+00,-1.035086908139994516e-01
9.269085878343734208e+00,-7.834264364605006414e-02
9.207144267037959295e+00,-5.357184490375603569e-02
9.145010717371608422e+00,-2.928667155966128283e-02
9.082652630023803297e+00,-5.584232354933637774e-03
9.020037674705433162e+00,1.743076389403224943e-02
8.957134442858425416e+00,3.964538461362639155e-02
8.893913382521716926e+00,6.093817215720759989e-02
8.830348110545562790e+00,8.117964076799316642e-02
8.766417206896504055e+00,1.002340988202032324e-01
8.702106454683837811e+00,1.179634497510780589e-01
8.637411267730785269e+00,1.342332245248710754e-01
8.572338685150985071e+00,1.489199823195773154e-01
8.506908055605135743e+00,1.619179903116027552e-01
8.441150134327676469e+00,1.731425050505326635e-01
8.375104869098677796e+00,1.825286457185444355e-01
8.308818836590946333e+00,1.900271326244606929e-01
8.242343211284241633e+00,1.955991465103694982e-01
8.175732439583239142e+00,1.992119789403081487e-01
8.109043601774397203e+00,2.008361149803061518e-01
8.042336212139973739e+00,2.004436169552027136e-01
7.975672234740124544e+00,1.980074470202584647e-01
7.909116198108266715e+00,1.935013568589115662e-01
7.842735299573230456e+00,1.869000989414697222e-01
7.776599488104695368e+00,1.781797978352647194e-01
7.710781502388948994e+00,1.673183741433851568e-01
7.645356865532508372e+00,1.542959705426689698e-01
7.580403840785775671e+00,1.390953493643278804e-01
7.516003360851216897e+00,1.217022818363374670e-01
7.452238917127864681e+00,1.021057290491688141e-01
7.389196472111358105e+00,8.029821653502156042e-02
7.326964347779131970e+00,5.627597205685388321e-02
7.265633137748303660e+00,3.003905167611506388e-02
7.205295654428874208e+00,1.591413655143096963e-03
7.146046911385767864e+00,-2.905907606758372994e-02
7.087984182647407927e+00,-6.190068019277925049e-02
7.031207146859201451e+00,-9.691788035214526920e-02
6.975818142178869863e+00,-1.340915069081833610e-01
6.921922573860626926e+00,-1.733988986298178048e-01
6.869629489093383334e+00,-2.148140861014115888e-01
6.819052368663675701e+00,-2.583079682393776833e-01
6.770310178128030820e+00,-3.038484584560267598e-01
6.723528721791272922e+00,-3.514005634638325826e-01
6.678842369676679880e+00,-4.009263323699020498e-01
6.636396214106165203e+00,-4.523845988960375486e-01
6.596348713294443833e+00,-5.057304092062328005e-01
6.558874879439107630e+00,-5.609139810366008394e-01
6.524170052317076696e+00,-6.178789779424103124e-01
6.492454180153500509e+00,-6.765598307201513562e-01
6.463976579484967289e+00,-7.368776966260365269e-01
6.439020779126936489e+00,-7.987346039783183027e-01
6.417908889024554142e+00,-8.620052192571798777e-01
6.401004445590031899e+00,-9.265256910286211456e-01
6.388712101780471997e+00,-9.920792262901414471e-01
6.381471913305473365e+00,-1.058378585160123064e+00
6.379745509113540436e+00,-1.125046736370479028e+00
6.383991656500611178e+00,-1.191598497246609156e+00
6.394630209172603053e+00,-1.257427768572622950e+00
6.411996348081289376e+00,-1.321806245979403327e+00
6.436291321138489785e+00,-1.383898534319347506e+00
6.467538700967563337e+00,-1.442795827223337657e+00
6.505556074351019902e+00,-1.497564944149550437e+00
6.549948717071674587e+00,-1.547304986059267140e+00
6.600126149092166550e+00,-1.591201722993893286e+00
6.655337009330509979e+00,-1.628571275286316622e+00
6.714714729074754196e+00,-1.658888306538115254e+00
6.777325997107287670e+00,-1.681797815583334188e+00
6.842215863505244577e+00,-1.697112823452912700e+00
6.908445643671648817e+00,-1.704801636346624294e+00
6.975122068773949913e+00,-1.704968642957509495e+00
7.041417755218564167e+00,-1.697832047716590465e+00
7.106583970386681770e+00,-1.683701092681736400e+00
7.169957149042231137e+00,-1.662954429813221724e+00
7.230960536080751844e+00,-1.636020715557959804e+00
7.289102381181797874e+00,-1.603361818469347000e+00
7.343971800816040840e+00,-1.565458706068118211e+00
7.395233180248775184e+00,-1.522799854008143106e+00
7.442619716542298924e+00,-1.475872088101873647e+00
7.485926662969152545e+00,-1.425153397627722862e+00
7.525004569528572773e+00,-1.371107499510201500e+00
7.559752750888247164e+00,-1.314179844274851350e+00
7.590113120169968752e+00,-1.254794808281091134e+00
7.616064468605149074e+00,-1.193353847065222739e+00
7.637617229464989776e+00,-1.130234417334618824e+00
7.654808733883477601e+00,-1.065789505365783318e+00
7.667698952849175242e+00,-1.000347630612300476e+00
7.676366701423657624e+00,-9.342132116211931958e-01
7.680906279528207037e+00,-8.676672033562817798e-01
7.681424510711709175e+00,-8.009679382413967819e-01
7.678038149766338805e+00,-7.343521090575626520e-01
7.670871629432516769e+00,-6.680358419630557654e-01
7.660055107052167855e+00,-6.022158276231167617e-01
7.645722782271398899e+00,-5.370704789295855930e-01
7.628011456637242560e+00,-4.727610920090766777e-01
7.607059308063701231e+00,-4.094329925070401277e-01
7.583004855382721843e+00,-3.472166531773751008e-01
7.555986090293925983e+00,-2.862287723550410723e-01
7.526139755323953295e+00,-2.265733114217569899e-01
7.493600751652317093e+00,-1.683424723475413776e-01
7.458501657110087280e+00,-1.116176277088641450e-01
7.420972341133077244e+00,-5.647019309596335024e-02
7.381139662969911974e+00,-2.962442068604924286e-03
7.339127240952620923e+00,4.885173118022956285e-02
7.295055281191013208e+00,9.892610503699300617e-02
7.249040462904522641e+00,1.472214848669506360e-01
7.201195861700955270e+00,1.937050992782042291e-01
7.151630910529956253e+00,2.383500483562921157e-01
7.100451390970716758e+00,2.811347830805140391e-01
7.047759447313996617e+00,3.220426942003413728e-01
6.993653620940351701e+00,3.610616367896546941e-01
6.938228900354658002e+00,3.981835684153711141e-01
6.881576782370173895e+00,4.334042031835677600e-01
6.823785341780630453e+00,4.667226990231456707e-01
6.764939306858787305e+00,4.981413756726974507e-01
6.705120147345910553e+00,5.276654826229352224e-01
6.644406128105353915e+00,5.553029047307984634e-01
6.582872416309161423e+00,5.810640263814328410e-01
6.520591152122460876e+00,6.049615252050967174e-01
6.457631525672843154e+00,6.270102087957690751e-01
6.394059850765868802e+00,6.472268689555252807e-01
6.329939634678146021e+00,6.656301516436069488e-01
6.265331643533686545e+00,6.822404409184770202e-01
6.200293962925362834e+00,6.970797552689385057e-01
6.134882053583240236e+00,7.101716548376658666e-01
6.069148802015901012e+00,7.215411581473226699e-01
6.003144566098153945e+00,7.312146671120000052e-01
5.936917215987056018e+00,7.392198988986702357e-01
5.870512170250580475e+00,7.455858239293924328e-01
5.803972427692442260e+00,7.503426088542946015e-01
5.737338595222431614e+00,7.535215636571016562e-01
5.670648912176444512e+00,7.551550921531565708e-01
5.603939271547399237e+00,7.552766452357478899e-01
5.537243238620831676e+00,7.539206763330807970e-01
5.470592067531334202e+00,7.511225986452738645e-01
5.404014716268129348e+00,7.469187438369727650e-01
5.337537860659758771e+00,7.413463219663212200e-01
5.271185907859493369e+00,7.344433825342929767e-01
5.204981009835929484e+00,7.262487766394548627e-01
5.138943077345873078e+00,7.168021203211552006e-01
5.073089794831699528e+00,7.061437592686413689e-01
5.007436636642882632e+00,6.943147351641095755e-01
4.941996884932260414e+00,6.813567540138424361e-01
4.876781649523652007e+00,6.673121569035150857e-01
4.811799889988566115e+00,6.522238936908484330e-01
4.747058440109483968e+00,6.361355002226217747e-01
4.682562034844908183e+00,6.190910797328991189e-01
4.618313339850005583e+00,6.011352891476073879e-01
4.554312983546941140e+00,5.823133310877603996e-01
4.490559591682720786e+00,5.626709524320278044e-01
4.427049824261574784e+00,5.422544503717808828e-01
4.363778414693776142e+00,5.211106869702707423e-01
4.300738210966438047e+00,4.992871133268685369e-01
4.237920218614138257e+00,4.768318045507737302e-01
4.175313645251699235e+00,4.537935068721696275e-01
4.112905946427793502e+00,4.302216983678119888e-01
4.050682872570428472e+00,4.061666649601538004e-01
3.988628516853598427e+00,3.816795935344698409e-01
3.926725363820752435e+00,3.568126843526668868e-01
3.864954338616100937e+00,3.316192853683250230e-01
3.803294856986382033e+00,3.061540511927798858e-01
3.741724876227117136e+00,2.804731301606036009e-01
3.680220947514530661e+00,2.546343834855611665e-01
3.618758270385194376e+00,2.286976411914872775e-01
3.557310750579954828e+00,2.027250002931821615e-01
3.495851063117138224e+00,1.767811715522927818e-01
3.434350723460630306e+00,1.509338818756659484e-01
3.372780170853017623e+00,1.252543402897923486e-01
3.311108870074579436e+00,9.981777519187555459e-02
3.249305441056950627e+00,7.470404903940058849e-02
3.187337830360139623e+00,4.999835246024952884e-02
3.125173545688685994e+00,2.579196983787501035e-02
3.062779984378041220e+00,2.183088710386881393e-03
3.000124902128284976e+00,-2.072242128347383250e-02
2.937177100309028344e+00,-4.281038883152899627e-02
2.873907388485453129e+00,-6.395811335614264015e-02
2.810289987452606386e+00,-8.403505398099880841e-02
2.746304387993826701e+00,-1.029048848067048022e-01
2.681937613234649298e+00,-1.204296038628202004e-01
2.617186679298449725e+00,-1.364758761925170816e-01
2.552060375499535017e+00,-1.509224644447951513e-01
2.486579855565968167e+00,-1.636666513137670087e-01
2.420777348949368246e+00,-1.746267225274740764e-01
2.354693930145209002e+00,-1.837403887639237898e-01
2.288376963947523102e+00,-1.909602146142505563e-01
2.221878165651087755e+00,-1.962485079149651757e-01
2.155252389317440009e+00,-1.995731716776651121e-01
2.088557075179867439e+00,-2.009049947955497406e-01
2.021852089907319794e+00,-2.002161948626461074e-01
1.955199763999252882e+00,-1.974798427120476874e-01
1.888665007378764527e+00,-1.926698183266988551e-01
1.822315415142337525e+00,-1.857610492176708372e-01
1.756221341887703069e+00,-1.767298945650098985e-01
1.690455933920628206e+00,-1.655545730610530342e-01
1.625095117727703320e+00,-1.522155856046157330e-01
1.560217550626789462e+00,-1.366961067681357056e-01
1.495904546029884985e+00,-1.189823633336633685e-01
1.432239961828048580e+00,-9.906382196653840122e-02
1.369310110696503768e+00,-7.693353458782241361e-02
1.307203651700729718e+00,-5.258827778732254321e-02
1.246011504546857385e+00,-2.602867279702108030e-02
1.185826803321339717e+00,2.740751900104089825e-03
1.126744886984140104e+00,3.371156261035379575e-02
1.068863370057085538e+00,6.687146435507522468e-02
1.012282289148288328e+00,1.022044090152278706e-01
9.571044249725177977e-01,1.396906866669941905e-01
9.034356615482131980e-01,1.793071548773238211e-01
8.513856404762767394e-01,2.210273754976739558e-01
8.010685714091656529e-01,2.648218047965334998e-01
7.526043271503701781e-01,3.106579293939418784e-01
7.061198454792162460e-01,3.585003321753499894e-01
6.617509170236748339e-01,4.083106153378109893e-01
6.196444084577865663e-01,4.600471048209384128e-01
5.799609824844552675e-01,5.136642204579541238e-01
5.428783686445355361e-01,5.691113506317020398e-01
5.085952210931441453e-01,6.263310047664157887e-01
4.773354702766785529e-01,6.852559656158176971e-01
4.493531252522230401e-01,7.458050134325417968e-01
4.249370941490413500e-01,8.078767597811404855e-01
4.044154081622304275e-01,8.713410199032693981e-01
3.881577211171447495e-01,9.360271941320342792e-01
3.765743673384754908e-01,1.001709363761898119e+00
3.701096369099102779e-01,1.068088408263484723e+00
3.692265356311290603e-01,1.134772585561321989e+00
3.743806625895615969e-01,1.201259662772952375e+00
3.859825371519447490e-01,1.266925443603197143e+00
4.043508421393322561e-01,1.331024622966450632e+00
4.296633600148764831e-01,1.392708575815750471e+00
4.619148992471238668e-01,1.451061605361532614e+00
5.008918683446936804e-01,1.505151676531723437e+00
5.461695170962092005e-01,1.554087286724473271e+00
5.971313440456930133e-01,1.597070861396618691e+00
6.530061898653068964e-01,1.633440293571991830e+00
7.129147574238930973e-01,1.662694731825663297e+00
7.759179140113466877e-01,1.684504122104048207e+00
8.410609268488369317e-01,1.698705126368261764e+00
9.074101313946660863e-01,1.705287202832773685e+00
9.740807963754046783e-01,1.704372764974914967e+00
1.040256381971940147e+00,1.696194701884352396e+00
1.105200284053701187e+00,1.681073704607791708e+00
1.168261625736383369e+00,1.659396838842844391e+00
1.228876233992393097e+00,1.631598576121506383e+00
1.286564443837418192e+00,1.598144401845277951e+00
1.340926724847955720e+00,1.559517043738723130e+00
1.391637914643219176e+00,1.516205252711117613e+00
1.438440685781620543e+00,1.468694969019580077e+00
1.481138774715389905e+00,1.417462404819140209e+00
1.519590244051858496e+00,1.362968833961648363e+00
1.553700997013859331e+00,1.305656779089036768e+00
1.583418672080703971e+00,1.245947368915504061e+00
